{
  "stats": {
    "cases": {
      "AUDIT-H4": {
        "runs": 10,
        "scores": {
          "md": [
            6.5,
            6.5,
            6.5,
            6.5,
            6.5,
            6.5,
            6.5,
            6.5,
            6.5,
            6.5
          ],
          "mo": [
            6,
            6,
            6,
            6,
            6,
            6,
            6,
            6,
            6,
            6
          ],
          "or": [
            4.5,
            4.5,
            4.5,
            4.5,
            4.5,
            4.5,
            4.5,
            4.5,
            4.5,
            4.5
          ]
        },
        "stddev": {
          "md": 0,
          "mo": 0,
          "or": 0
        },
        "spearman": {
          "mdMo": 0,
          "mdOr": 0,
          "moOr": 0
        },
        "medianSpearman": 0
      },
      "AUDIT-MAT2-beginner": {
        "runs": 10,
        "scores": {
          "md": [
            6,
            6,
            6,
            6,
            6,
            6,
            6,
            6,
            6,
            6
          ],
          "mo": [
            5.5,
            5.5,
            5.5,
            5.5,
            5.5,
            5.5,
            5.5,
            4.5,
            5.5,
            5.5
          ],
          "or": [
            4.5,
            4.5,
            4.5,
            4.5,
            4.5,
            4.5,
            4.5,
            5.5,
            4.5,
            4.5
          ]
        },
        "stddev": {
          "md": 0,
          "mo": 0.31622776601683794,
          "or": 0.31622776601683794
        },
        "spearman": {
          "mdMo": 0,
          "mdOr": 0,
          "moOr": -1
        },
        "medianSpearman": 0
      },
      "ARC-D2": {
        "runs": 10,
        "scores": {
          "md": [
            5.5,
            5.5,
            5.5,
            5.5,
            5.5,
            5.5,
            5.5,
            5.5,
            5.5,
            5.5
          ],
          "mo": [
            4.5,
            4.5,
            6,
            6,
            4.5,
            4.5,
            4.5,
            4.5,
            4.5,
            4.5
          ],
          "or": [
            3.5,
            3.5,
            4,
            3.5,
            3.5,
            3.5,
            3.5,
            3.5,
            3.5,
            3.5
          ]
        },
        "stddev": {
          "md": 0,
          "mo": 0.6324555320336759,
          "or": 0.15811388300841894
        },
        "spearman": {
          "mdMo": 0,
          "mdOr": 0,
          "moOr": 0.6666666666666666
        },
        "medianSpearman": 0
      },
      "AUDIT-L2": {
        "runs": 10,
        "scores": {
          "md": [
            5.5,
            5.5,
            5.5,
            5.5,
            5.5,
            5.5,
            5.5,
            5.5,
            5.5,
            5.5
          ],
          "mo": [
            4.5,
            6,
            6,
            6,
            4.5,
            6,
            6,
            6,
            4.5,
            4.5
          ],
          "or": [
            4,
            4.5,
            4.5,
            4.5,
            4,
            4.5,
            4.5,
            4.5,
            4,
            4
          ]
        },
        "stddev": {
          "md": 0,
          "mo": 0.7745966692414834,
          "or": 0.2581988897471611
        },
        "spearman": {
          "mdMo": 0,
          "mdOr": 0,
          "moOr": 1
        },
        "medianSpearman": 0
      },
      "AUDIT-MD1": {
        "runs": 10,
        "scores": {
          "md": [
            5.5,
            5.5,
            5.5,
            5.5,
            5.5,
            5.5,
            5.5,
            5.5,
            5.5,
            5.5
          ],
          "mo": [
            4,
            4,
            4,
            4,
            4,
            4,
            4,
            4,
            4,
            4
          ],
          "or": [
            3.5,
            3.5,
            3.5,
            3.5,
            3.5,
            3.5,
            3.5,
            3.5,
            3.5,
            3.5
          ]
        },
        "stddev": {
          "md": 0,
          "mo": 0,
          "or": 0
        },
        "spearman": {
          "mdMo": 0,
          "mdOr": 0,
          "moOr": 0
        },
        "medianSpearman": 0
      },
      "AUDIT-MAT1-intermediate": {
        "runs": 10,
        "scores": {
          "md": [
            6,
            6,
            6,
            6,
            6,
            6,
            6,
            6,
            6,
            6
          ],
          "mo": [
            5.5,
            5.5,
            5.5,
            5.5,
            5.5,
            5.5,
            5.5,
            5.5,
            5.5,
            5.5
          ],
          "or": [
            4,
            4,
            4,
            4,
            4,
            4,
            4,
            4,
            4,
            4
          ]
        },
        "stddev": {
          "md": 0,
          "mo": 0,
          "or": 0
        },
        "spearman": {
          "mdMo": 0,
          "mdOr": 0,
          "moOr": 0
        },
        "medianSpearman": 0
      },
      "AUDIT-M3": {
        "runs": 10,
        "scores": {
          "md": [
            6,
            6,
            6,
            6,
            6,
            6,
            6,
            6,
            6,
            6
          ],
          "mo": [
            5,
            4.5,
            4.5,
            5,
            5,
            5,
            5,
            5,
            5,
            5
          ],
          "or": [
            6.5,
            6.5,
            6.5,
            6.5,
            6.5,
            6.5,
            6.5,
            6.5,
            6.5,
            6.5
          ]
        },
        "stddev": {
          "md": 0,
          "mo": 0.210818510677892,
          "or": 0
        },
        "spearman": {
          "mdMo": 0,
          "mdOr": 0,
          "moOr": 0
        },
        "medianSpearman": 0
      },
      "AUDIT-A2": {
        "runs": 10,
        "scores": {
          "md": [
            4.5,
            4.5,
            4.5,
            4.5,
            4.5,
            4.5,
            4.5,
            4.5,
            4.5,
            4.5
          ],
          "mo": [
            5,
            5,
            5,
            5,
            5,
            5,
            5,
            5,
            5,
            5
          ],
          "or": [
            3.5,
            3.5,
            3.5,
            3.5,
            3.5,
            3.5,
            3.5,
            3.5,
            3.5,
            3.5
          ]
        },
        "stddev": {
          "md": 0,
          "mo": 0,
          "or": 0
        },
        "spearman": {
          "mdMo": 0,
          "mdOr": 0,
          "moOr": 0
        },
        "medianSpearman": 0
      }
    },
    "bankMedianSpearman": 0,
    "rerunCount": 10
  },
  "verdict": {
    "result": "AMBIGUOUS",
    "note": "neither signature fully fired — escalate via --tier-2 (10 reruns/case)",
    "conditions": {
      "v1b": {
        "v1b_arcd2_oronly": false,
        "v1b_l2_moonly": false,
        "v1b_bankspearman": true,
        "fired": false
      },
      "v1a": {
        "v1a_arcd2": false,
        "v1a_h4": false,
        "v1a_m3": false,
        "v1a_bankspearman": false,
        "fired": false
      },
      "bankSpearman": 0,
      "arcd2_stddev": {
        "md": 0,
        "mo": 0.6324555320336759,
        "or": 0.15811388300841894
      },
      "l2_stddev": {
        "md": 0,
        "mo": 0.7745966692414834,
        "or": 0.2581988897471611
      },
      "h4_medianSpearman": 0,
      "m3_medianSpearman": 0
    }
  }
}