{
  "stats": {
    "cases": {
      "AUDIT-H4": {
        "runs": 5,
        "jaccards": {
          "md": [
            1,
            1,
            1,
            1,
            1,
            1,
            1,
            1,
            1,
            1
          ],
          "mo": [
            1,
            1,
            1,
            1,
            1,
            1,
            1,
            1,
            1,
            1
          ],
          "or": [
            1,
            1,
            1,
            1,
            1,
            1,
            1,
            1,
            1,
            1
          ]
        },
        "medianByPacket": {
          "md": 1,
          "mo": 1,
          "or": 1
        },
        "median": 1,
        "factCounts": {
          "md": [
            5,
            5,
            5,
            5,
            5
          ],
          "mo": [
            4,
            4,
            4,
            4,
            4
          ],
          "or": [
            5,
            5,
            5,
            5,
            5
          ]
        }
      },
      "AUDIT-MAT2-beginner": {
        "runs": 5,
        "jaccards": {
          "md": [
            1,
            1,
            1,
            0.6666666666666666,
            1,
            1,
            0.6666666666666666,
            1,
            0.6666666666666666,
            0.6666666666666666
          ],
          "mo": [
            0.2857142857142857,
            0.2857142857142857,
            0.2857142857142857,
            0.42857142857142855,
            1,
            1,
            0.2857142857142857,
            1,
            0.2857142857142857,
            0.2857142857142857
          ],
          "or": [
            1,
            1,
            1,
            0.6666666666666666,
            1,
            1,
            0.6666666666666666,
            1,
            0.6666666666666666,
            0.6666666666666666
          ]
        },
        "medianByPacket": {
          "md": 1,
          "mo": 0.2857142857142857,
          "or": 1
        },
        "median": 0.8333333333333333,
        "factCounts": {
          "md": [
            5,
            5,
            5,
            5,
            5
          ],
          "mo": [
            5,
            4,
            4,
            4,
            5
          ],
          "or": [
            5,
            5,
            5,
            5,
            5
          ]
        }
      },
      "ARC-D2": {
        "runs": 5,
        "jaccards": {
          "md": [
            1,
            1,
            1,
            1,
            1,
            1,
            1,
            1,
            1,
            1
          ],
          "mo": [
            1,
            1,
            1,
            1,
            1,
            1,
            1,
            1,
            1,
            1
          ],
          "or": [
            0.42857142857142855,
            0.42857142857142855,
            0.42857142857142855,
            0.42857142857142855,
            1,
            1,
            1,
            1,
            1,
            1
          ]
        },
        "medianByPacket": {
          "md": 1,
          "mo": 1,
          "or": 1
        },
        "median": 1,
        "factCounts": {
          "md": [
            5,
            5,
            5,
            5,
            5
          ],
          "mo": [
            5,
            5,
            5,
            5,
            5
          ],
          "or": [
            5,
            5,
            5,
            5,
            5
          ]
        }
      },
      "AUDIT-L2": {
        "runs": 5,
        "jaccards": {
          "md": [
            1,
            1,
            1,
            1,
            1,
            1,
            1,
            1,
            1,
            1
          ],
          "mo": [
            1,
            1,
            1,
            1,
            1,
            1,
            1,
            1,
            1,
            1
          ],
          "or": [
            1,
            1,
            0.3333333333333333,
            0.3333333333333333,
            1,
            0.3333333333333333,
            0.3333333333333333,
            0.3333333333333333,
            0.3333333333333333,
            1
          ]
        },
        "medianByPacket": {
          "md": 1,
          "mo": 1,
          "or": 0.3333333333333333
        },
        "median": 1,
        "factCounts": {
          "md": [
            4,
            4,
            4,
            4,
            4
          ],
          "mo": [
            4,
            4,
            4,
            4,
            4
          ],
          "or": [
            4,
            4,
            4,
            4,
            4
          ]
        }
      },
      "AUDIT-MD1": {
        "runs": 5,
        "jaccards": {
          "md": [
            1,
            1,
            1,
            1,
            1,
            1,
            1,
            1,
            1,
            1
          ],
          "mo": [
            1,
            1,
            1,
            1,
            1,
            1,
            1,
            1,
            1,
            1
          ],
          "or": [
            1,
            1,
            1,
            1,
            1,
            1,
            1,
            1,
            1,
            1
          ]
        },
        "medianByPacket": {
          "md": 1,
          "mo": 1,
          "or": 1
        },
        "median": 1,
        "factCounts": {
          "md": [
            5,
            5,
            5,
            5,
            5
          ],
          "mo": [
            4,
            4,
            4,
            4,
            4
          ],
          "or": [
            5,
            5,
            5,
            5,
            5
          ]
        }
      }
    },
    "overallMedian": 1,
    "rerunCount": 5
  },
  "verdict": {
    "result": "PASS",
    "note": "overall median Jaccard 1.000 ≥ 0.7"
  }
}