{
  "cases": {
    "AUDIT-H4": {
      "runs": 10,
      "scores": {
        "md": [
          6.5,
          6.5,
          6.5,
          6.5,
          6.5,
          6.5,
          6.5,
          6.5,
          6.5,
          6.5
        ],
        "mo": [
          6,
          6,
          6,
          6,
          6,
          6,
          6,
          6,
          6,
          6
        ],
        "or": [
          4.5,
          4.5,
          4.5,
          4.5,
          4.5,
          4.5,
          4.5,
          4.5,
          4.5,
          4.5
        ]
      },
      "stddev": {
        "md": 0,
        "mo": 0,
        "or": 0
      },
      "spearman": {
        "mdMo": 0,
        "mdOr": 0,
        "moOr": 0
      },
      "medianSpearman": 0
    },
    "AUDIT-MAT2-beginner": {
      "runs": 10,
      "scores": {
        "md": [
          6,
          6,
          6,
          6,
          6,
          6,
          6,
          6,
          6,
          6
        ],
        "mo": [
          5.5,
          5.5,
          5.5,
          5.5,
          5.5,
          5.5,
          5.5,
          4.5,
          5.5,
          5.5
        ],
        "or": [
          4.5,
          4.5,
          4.5,
          4.5,
          4.5,
          4.5,
          4.5,
          5.5,
          4.5,
          4.5
        ]
      },
      "stddev": {
        "md": 0,
        "mo": 0.31622776601683794,
        "or": 0.31622776601683794
      },
      "spearman": {
        "mdMo": 0,
        "mdOr": 0,
        "moOr": -1
      },
      "medianSpearman": 0
    },
    "ARC-D2": {
      "runs": 10,
      "scores": {
        "md": [
          5.5,
          5.5,
          5.5,
          5.5,
          5.5,
          5.5,
          5.5,
          5.5,
          5.5,
          5.5
        ],
        "mo": [
          4.5,
          4.5,
          4.5,
          4.5,
          4.5,
          4.5,
          4.5,
          4.5,
          4.5,
          4.5
        ],
        "or": [
          3.5,
          3.5,
          3.5,
          3.5,
          3.5,
          3.5,
          3.5,
          3.5,
          3.5,
          3.5
        ]
      },
      "stddev": {
        "md": 0,
        "mo": 0,
        "or": 0
      },
      "spearman": {
        "mdMo": 0,
        "mdOr": 0,
        "moOr": 0
      },
      "medianSpearman": 0
    },
    "AUDIT-L2": {
      "runs": 10,
      "scores": {
        "md": [
          5.5,
          5.5,
          5.5,
          5.5,
          5.5,
          5.5,
          5.5,
          5.5,
          5.5,
          5.5
        ],
        "mo": [
          6,
          4.5,
          6,
          4.5,
          4.5,
          6,
          6,
          6,
          5,
          4.5
        ],
        "or": [
          4.5,
          4,
          4.5,
          4,
          4,
          4.5,
          4.5,
          4.5,
          4,
          4
        ]
      },
      "stddev": {
        "md": 0,
        "mo": 0.752772652709081,
        "or": 0.26352313834736496
      },
      "spearman": {
        "mdMo": 0,
        "mdOr": 0,
        "moOr": 0.9622504486493763
      },
      "medianSpearman": 0
    },
    "AUDIT-MD1": {
      "runs": 10,
      "scores": {
        "md": [
          5.5,
          5.5,
          5.5,
          5.5,
          5.5,
          5.5,
          5.5,
          5.5,
          5.5,
          5.5
        ],
        "mo": [
          4,
          4,
          4,
          4,
          4,
          4,
          4,
          4,
          4,
          4
        ],
        "or": [
          3.5,
          3.5,
          3.5,
          3.5,
          3.5,
          3.5,
          3.5,
          3.5,
          3.5,
          3.5
        ]
      },
      "stddev": {
        "md": 0,
        "mo": 0,
        "or": 0
      },
      "spearman": {
        "mdMo": 0,
        "mdOr": 0,
        "moOr": 0
      },
      "medianSpearman": 0
    },
    "AUDIT-MAT1-intermediate": {
      "runs": 10,
      "scores": {
        "md": [
          6,
          6,
          6,
          6,
          6,
          6,
          6,
          6,
          6,
          6
        ],
        "mo": [
          5.5,
          5.5,
          5.5,
          5.5,
          5.5,
          5.5,
          5.5,
          5.5,
          5.5,
          5.5
        ],
        "or": [
          4,
          4,
          4,
          4,
          4,
          4,
          4,
          4,
          4,
          4
        ]
      },
      "stddev": {
        "md": 0,
        "mo": 0,
        "or": 0
      },
      "spearman": {
        "mdMo": 0,
        "mdOr": 0,
        "moOr": 0
      },
      "medianSpearman": 0
    },
    "AUDIT-M3": {
      "runs": 10,
      "scores": {
        "md": [
          6,
          6,
          6,
          6,
          6,
          6,
          6,
          6,
          6,
          6
        ],
        "mo": [
          5,
          5,
          5,
          5,
          5,
          5,
          5,
          5,
          5,
          5
        ],
        "or": [
          6.5,
          6.5,
          6.5,
          6.5,
          6.5,
          6.5,
          6.5,
          6.5,
          6.5,
          6.5
        ]
      },
      "stddev": {
        "md": 0,
        "mo": 0,
        "or": 0
      },
      "spearman": {
        "mdMo": 0,
        "mdOr": 0,
        "moOr": 0
      },
      "medianSpearman": 0
    },
    "AUDIT-A2": {
      "runs": 10,
      "scores": {
        "md": [
          4.5,
          4.5,
          4.5,
          4.5,
          4.5,
          4.5,
          4.5,
          4.5,
          4.5,
          4.5
        ],
        "mo": [
          5,
          5,
          5,
          5,
          5,
          5,
          5,
          5,
          5,
          5
        ],
        "or": [
          3.5,
          3.5,
          3.5,
          3.5,
          3.5,
          3.5,
          3.5,
          3.5,
          3.5,
          3.5
        ]
      },
      "stddev": {
        "md": 0,
        "mo": 0,
        "or": 0
      },
      "spearman": {
        "mdMo": 0,
        "mdOr": 0,
        "moOr": 0
      },
      "medianSpearman": 0
    }
  },
  "bankMedianSpearman": 0,
  "rerunCount": 10,
  "samplerConfig": {
    "temperature": 0,
    "top_k": 1,
    "top_p": 0.1
  }
}